participant_id,age,child_sct_cci-2,sex,parent_adhd
sub-1065,-2.120,0.733,1,4.222
sub-1066,-0.120,1.067,1,2.556
sub-1067,-2.120,1.800,0,2.778
sub-1069,-0.120,1.467,0,3.556
sub-1075,-0.120,1.133,0,3.889
sub-1084,0.880,0.667,1,2.889
sub-1507,2.880,1.867,1,3.444
sub-1512,-2.120,0.600,1,3.444
sub-1513,1.880,1.600,0,0.889
sub-1519,1.880,1.333,1,2.556
sub-1523,-1.120,1.867,0,2.667
sub-1533,-0.120,0.400,0,1.667
sub-1536,-0.120,0.667,0,3.333
sub-1544,1.880,1.400,1,3.889
sub-1547,-1.120,0.467,0,1.889
sub-1549,0.880,0.733,1,3.111
sub-1551,-0.120,1.333,1,1.889
sub-1552,1.880,0.600,1,3.111
sub-1556,0.880,2.200,0,4.111
sub-1560,-2.120,1.133,1,4.333
sub-1562,-2.120,1.400,0,4.667
sub-1574,0.880,1.667,0,3.333
sub-1575,-0.120,1.667,0,4.222
sub-1576,1.880,1.267,0,3.667
sub-1583,1.880,1.800,1,2.556
sub-1586,0.880,0.600,0,0.000
sub-1588,0.880,0.400,0,0.111
sub-1598,-2.120,1.067,1,4.000
sub-1604,-1.120,0.933,1,0.556
sub-1606,1.880,0.600,1,0.222
sub-1608,-0.120,1.933,0,4.111
sub-1610,-2.120,0.133,0,0.111
sub-1618,0.880,0.867,0,1.000
sub-1621,0.880,1.000,1,0.000
sub-1624,-0.120,1.933,0,0.111
sub-1625,-0.120,0.467,1,0.333
sub-1626,-0.120,0.867,1,1.444
sub-1629,-1.120,0.800,1,2.111
sub-1634,0.880,0.200,0,0.222
sub-1638,-0.120,0.200,1,0.222
sub-1649,-2.120,0.867,1,1.889
sub-1658,1.880,1.933,1,0.333
sub-1662,-1.120,0.933,1,0.555
sub-1666,-1.120,1.267,1,4.000
sub-1667,-0.120,1.000,1,1.444
sub-1686,-2.120,2.000,1,4.333
sub-1691,1.880,1.400,1,1.111
sub-1692,0.880,1.200,0,4.333
sub-1695,0.880,0.467,0,3.556
sub-1696,-2.120,1.000,1,1.778
